Data Source,World Development Indicators,,,,,,,,,,,,,,,,,,,,,,,,,,,,,,,,,,,,,,,,,,,,,,,,,,,,,,,,,,,,,,,,,
,,,,,,,,,,,,,,,,,,,,,,,,,,,,,,,,,,,,,,,,,,,,,,,,,,,,,,,,,,,,,,,,,,
Last Updated Date,2022-09-16,,,,,,,,,,,,,,,,,,,,,,,,,,,,,,,,,,,,,,,,,,,,,,,,,,,,,,,,,,,,,,,,,
,,,,,,,,,,,,,,,,,,,,,,,,,,,,,,,,,,,,,,,,,,,,,,,,,,,,,,,,,,,,,,,,,,
country_name,country_code,development,indicator_name,indicator_code,1960,1961,1962,1963,1964,1965,1966,1967,1968,1969,1970,1971,1972,1973,1974,1975,1976,1977,1978,1979,1980,1981,1982,1983,1984,1985,1986,1987,1988,1989,1990,1991,1992,1993,1994,1995,1996,1997,1998,1999,2000,2001,2002,2003,2004,2005,2006,2007,2008,2009,2010,2011,2012,2013,2014,2015,2016,2017,2018,2019,2020,2021
Aruba,ABW,,Poverty headcount ratio at $6.85 a day (2017 PPP) (% of population),SI.POV.UMIC,,,,,,,,,,,,,,,,,,,,,,,,,,,,,,,,,,,,,,,,,,,,,,,,,,,,,,,,,,,,,,
Afghanistan,AFG,Low,Poverty headcount ratio at $6.85 a day (2017 PPP) (% of population),SI.POV.UMIC,,,,,,,,,,,,,,,,,,,,,,,,,,,,,,,,,,,,,,,,,,,,,,,,,,,,,,,,,,,,,,
Angola,AGO,Medium,Poverty headcount ratio at $6.85 a day (2017 PPP) (% of population),SI.POV.UMIC,,,,,,,,,,,,,,,,,,,,,,,,,,,,,,,,,,,,,,,,,67.2,,,,,,,,69.1,,,,,,,,,,78,,,
Albania,ALB,High,Poverty headcount ratio at $6.85 a day (2017 PPP) (% of population),SI.POV.UMIC,,,,,,,,,,,,,,,,,,,,,,,,,,,,,,,,,,,,,47.9,,,,,,52.1,,,40.4,,,33.4,,,,36.7,,38.7,26.2,25.4,25.5,18.2,10.9,,
Andorra,AND,Very High,Poverty headcount ratio at $6.85 a day (2017 PPP) (% of population),SI.POV.UMIC,,,,,,,,,,,,,,,,,,,,,,,,,,,,,,,,,,,,,,,,,,,,,,,,,,,,,,,,,,,,,,
United Arab Emirates,ARE,Very High,Poverty headcount ratio at $6.85 a day (2017 PPP) (% of population),SI.POV.UMIC,,,,,,,,,,,,,,,,,,,,,,,,,,,,,,,,,,,,,,,,,,,,,,,,,,,,,,0,,,,,0.4,,,
Argentina,ARG,Very High,Poverty headcount ratio at $6.85 a day (2017 PPP) (% of population),SI.POV.UMIC,,,,,,,,,,,,,,,,,,,,,5.5,,,,,,4.8,7.6,,,,14.3,14.9,15.1,15.7,20.5,22.4,21.3,23.3,24.2,26.3,31.1,44.4,29.6,24.7,20.8,16.8,15.4,14.1,12.8,11.2,9,8.5,8.5,9.1,,8.8,7.9,9.7,11.2,14.1,
Armenia,ARM,High,Poverty headcount ratio at $6.85 a day (2017 PPP) (% of population),SI.POV.UMIC,,,,,,,,,,,,,,,,,,,,,,,,,,,,,,,,,,,,,,,,82.3,,83.8,82.9,82.6,73.5,67.5,62.8,56,52.1,60.7,62.1,59.3,55.2,53.1,51.1,46.7,42.4,48.7,48.9,52.3,53.5,
American Samoa,ASM,,Poverty headcount ratio at $6.85 a day (2017 PPP) (% of population),SI.POV.UMIC,,,,,,,,,,,,,,,,,,,,,,,,,,,,,,,,,,,,,,,,,,,,,,,,,,,,,,,,,,,,,,
Antigua and Barbuda,ATG,High,Poverty headcount ratio at $6.85 a day (2017 PPP) (% of population),SI.POV.UMIC,,,,,,,,,,,,,,,,,,,,,,,,,,,,,,,,,,,,,,,,,,,,,,,,,,,,,,,,,,,,,,
Australia,AUS,Very High,Poverty headcount ratio at $6.85 a day (2017 PPP) (% of population),SI.POV.UMIC,,,,,,,,,,,,,,,,,,,,,,1.7,,,,2,,,,2,,,,,,1.7,,,,,,1.5,,1.7,1.2,,,,0.7,,1,,,,1,,1,,1,,,
Austria,AUT,Very High,Poverty headcount ratio at $6.85 a day (2017 PPP) (% of population),SI.POV.UMIC,,,,,,,,,,,,,,,,,,,,,,,,,,,,0,,,,,,,1,2.2,,0.9,,,0.5,,,0.7,0.4,0.5,0.5,0.8,1,1,0.8,1,1.1,0.7,0.7,1,1.3,0.7,1.2,0.8,,
Azerbaijan,AZE,High,Poverty headcount ratio at $6.85 a day (2017 PPP) (% of population),SI.POV.UMIC,,,,,,,,,,,,,,,,,,,,,,,,,,,,,,,,,,,,77.7,,,,,,71,48.5,44.6,42.3,31.3,,,,,,,,,,,,,,,,
Burundi,BDI,Low,Poverty headcount ratio at $6.85 a day (2017 PPP) (% of population),SI.POV.UMIC,,,,,,,,,,,,,,,,,,,,,,,,,,,,,,,,,98.8,,,,,,97.9,,,,,,,,98.2,,,,,,,96.5,,,,,,,,
Belgium,BEL,Very High,Poverty headcount ratio at $6.85 a day (2017 PPP) (% of population),SI.POV.UMIC,,,,,,,,,,,,,,,,,,,,,,,,,,0.7,,,0.7,,,,1.2,,,1.2,,1,,,1,,,0.9,0.4,0.5,0.4,0.4,0.3,0.3,0.5,0.6,0.5,0.5,0.3,0.2,0.3,0.4,0.2,0.2,,
Benin,BEN,Low,Poverty headcount ratio at $6.85 a day (2017 PPP) (% of population),SI.POV.UMIC,,,,,,,,,,,,,,,,,,,,,,,,,,,,,,,,,,,,,,,,,,,,95.1,,,,,,,,92,,,,91.8,,,83.4,,,
Burkina Faso,BFA,Low,Poverty headcount ratio at $6.85 a day (2017 PPP) (% of population),SI.POV.UMIC,,,,,,,,,,,,,,,,,,,,,,,,,,,,,,,,,,,97.4,,,,96.5,,,,,93.8,,,,,,94.9,,,,,92.9,,,,81.1,,,
Bangladesh,BGD,Medium,Poverty headcount ratio at $6.85 a day (2017 PPP) (% of population),SI.POV.UMIC,,,,,,,,,,,,,,,,,,,,,,,,97.8,,96.5,,,97,,,97.4,,,,93.7,,,,,93,,,,,90.9,,,,,89.4,,,,,,86.9,,,,,
Bulgaria,BGR,High,Poverty headcount ratio at $6.85 a day (2017 PPP) (% of population),SI.POV.UMIC,,,,,,,,,,,,,,,,,,,,,,,,,,,,,,,,,,,,,,,,,,,,,,,28.5,15,11.3,11,13.4,14.1,14.1,13.2,11,14.1,10.4,9.4,8,7.2,,
Bahrain,BHR,Very High,Poverty headcount ratio at $6.85 a day (2017 PPP) (% of population),SI.POV.UMIC,,,,,,,,,,,,,,,,,,,,,,,,,,,,,,,,,,,,,,,,,,,,,,,,,,,,,,,,,,,,,,
"Bahamas, The",BHS,Very High,Poverty headcount ratio at $6.85 a day (2017 PPP) (% of population),SI.POV.UMIC,,,,,,,,,,,,,,,,,,,,,,,,,,,,,,,,,,,,,,,,,,,,,,,,,,,,,,,,,,,,,,
Bosnia and Herzegovina,BIH,High,Poverty headcount ratio at $6.85 a day (2017 PPP) (% of population),SI.POV.UMIC,,,,,,,,,,,,,,,,,,,,,,,,,,,,,,,,,,,,,,,,,,13.8,,,6.6,,,4.8,,,,5.8,,,,,,,,,,
Belarus,BLR,Very High,Poverty headcount ratio at $6.85 a day (2017 PPP) (% of population),SI.POV.UMIC,,,,,,,,,,,,,,,,,,,,,,,,,,,,,,,,,,,,,,,90.1,88,84.4,73.7,67.7,64.8,54.3,36,27.9,20.7,16.4,15.6,11.8,10,5.9,3.4,3.2,4.1,4.6,3.3,1.9,2.4,1.3,
Belize,BLZ,Medium,Poverty headcount ratio at $6.85 a day (2017 PPP) (% of population),SI.POV.UMIC,,,,,,,,,,,,,,,,,,,,,,,,,,,,,,,,,,61.8,65.4,,70.6,70.2,68.3,62.9,,,,,,,,,,,,,,,,,,,,,,
Bermuda,BMU,,Poverty headcount ratio at $6.85 a day (2017 PPP) (% of population),SI.POV.UMIC,,,,,,,,,,,,,,,,,,,,,,,,,,,,,,,,,,,,,,,,,,,,,,,,,,,,,,,,,,,,,,
Bolivia,BOL,Medium,Poverty headcount ratio at $6.85 a day (2017 PPP) (% of population),SI.POV.UMIC,,,,,,,,,,,,,,,,,,,,,,,,,,,,,,,,,,,,,,46.1,,50,55.8,51.8,53.8,,45.8,47.2,42.1,41.2,33.9,28.9,,23.5,23.7,21.8,20.2,20.5,22,21,19.1,15.6,17,
Brazil,BRA,High,Poverty headcount ratio at $6.85 a day (2017 PPP) (% of population),SI.POV.UMIC,,,,,,,,,,,,,,,,,,,,,,67,66.4,72.1,72.2,68,49.5,59.2,61.4,58.3,63.7,,65.4,64.3,,52.6,52.6,53,52,53.8,,48,47.3,48.7,47.3,45,41.4,39,35.8,33.8,,29.9,28.2,25.7,24.3,25.3,27,27.1,26.7,26.2,18.7,
Barbados,BRB,High,Poverty headcount ratio at $6.85 a day (2017 PPP) (% of population),SI.POV.UMIC,,,,,,,,,,,,,,,,,,,,,,,,,,,,,,,,,,,,,,,,,,,,,,,,,,,,,,,,,,,,,,
Brunei Darussalam,BRN,Very High,Poverty headcount ratio at $6.85 a day (2017 PPP) (% of population),SI.POV.UMIC,,,,,,,,,,,,,,,,,,,,,,,,,,,,,,,,,,,,,,,,,,,,,,,,,,,,,,,,,,,,,,
Bhutan,BTN,Medium,Poverty headcount ratio at $6.85 a day (2017 PPP) (% of population),SI.POV.UMIC,,,,,,,,,,,,,,,,,,,,,,,,,,,,,,,,,,,,,,,,,,,,73.3,,,,62.3,,,,,44.9,,,,,39.5,,,,
Botswana,BWA,Medium,Poverty headcount ratio at $6.85 a day (2017 PPP) (% of population),SI.POV.UMIC,,,,,,,,,,,,,,,,,,,,,,,,,,83.6,,,,,,,,78.3,,,,,,,,,68.6,,,,,,,60.4,,,,,,63.5,,,,,,
Central African Republic,CAF,Low,Poverty headcount ratio at $6.85 a day (2017 PPP) (% of population),SI.POV.UMIC,,,,,,,,,,,,,,,,,,,,,,,,,,,,,,,,,96.7,,,,,,,,,,,,,,,,92.8,,,,,,,,,,,,,
Canada,CAN,Very High,Poverty headcount ratio at $6.85 a day (2017 PPP) (% of population),SI.POV.UMIC,,,,,,,,,,,,5.7,,,,2.5,,,,,,1.5,,,,,,1,,,,0.7,,,0.7,,,1,1,,1,,,,0.7,,,0.5,,,0.5,,0.7,1,1,1,1,0.7,,,,
Switzerland,CHE,Very High,Poverty headcount ratio at $6.85 a day (2017 PPP) (% of population),SI.POV.UMIC,,,,,,,,,,,,,,,,,,,,,,,1,,,,,,,,,,1.2,,,,,,,,0.5,,0.2,,,,0.4,0.4,0.3,0.2,0.4,0.1,0,0.1,0.1,0.1,0.1,0.1,0.2,,,
Channel Islands,CHI,,Poverty headcount ratio at $6.85 a day (2017 PPP) (% of population),SI.POV.UMIC,,,,,,,,,,,,,,,,,,,,,,,,,,,,,,,,,,,,,,,,,,,,,,,,,,,,,,,,,,,,,,
Chile,CHL,Very High,Poverty headcount ratio at $6.85 a day (2017 PPP) (% of population),SI.POV.UMIC,,,,,,,,,,,,,,,,,,,,,,,,,,,,62.1,,,56,,50.7,,47.1,,41.4,,38.9,,41.4,,,40.6,,,29.9,,,25.4,,21.2,,12.9,,10.2,,7.5,,,8,
China,CHN,High,Poverty headcount ratio at $6.85 a day (2017 PPP) (% of population),SI.POV.UMIC,,,,,,,,,,,,,,,,,,,,,,,,,,,,,,,99,,,97.9,,,95.5,,,93.1,,,86.9,,,78.5,,,69.5,,62.5,58.9,54.1,47.3,42.3,37.9,34.2,32,28.1,24.7,,
Cote d'Ivoire,CIV,Medium,Poverty headcount ratio at $6.85 a day (2017 PPP) (% of population),SI.POV.UMIC,,,,,,,,,,,,,,,,,,,,,,,,,,55.6,62.4,68.9,76.6,,,,84.3,,,86.7,,,87.4,,,,86.6,,,,,,86.6,,,,,,,87.9,,,75.4,,,
Cameroon,CMR,Medium,Poverty headcount ratio at $6.85 a day (2017 PPP) (% of population),SI.POV.UMIC,,,,,,,,,,,,,,,,,,,,,,,,,,,,,,,,,,,,,90.8,,,,,84,,,,,,84.3,,,,,,,74.8,,,,,,,
"Congo, Dem. Rep.",COD,Low,Poverty headcount ratio at $6.85 a day (2017 PPP) (% of population),SI.POV.UMIC,,,,,,,,,,,,,,,,,,,,,,,,,,,,,,,,,,,,,,,,,,,,,99.7,,,,,,,,97.4,,,,,,,,,
"Congo, Rep.",COG,Medium,Poverty headcount ratio at $6.85 a day (2017 PPP) (% of population),SI.POV.UMIC,,,,,,,,,,,,,,,,,,,,,,,,,,,,,,,,,,,,,,,,,,,,,,89.8,,,,,,83.5,,,,,,,,,,
Colombia,COL,High,Poverty headcount ratio at $6.85 a day (2017 PPP) (% of population),SI.POV.UMIC,,,,,,,,,,,,,,,,,,,,,,,,,,,,,,,,,54.2,,,,61.5,,,64.3,59.5,67,57.7,58,57.3,53.5,,,48.5,47.3,44.6,41.6,39.8,37.6,35.4,34.6,34.4,33.7,33.9,34.8,44.2,
Comoros,COM,Medium,Poverty headcount ratio at $6.85 a day (2017 PPP) (% of population),SI.POV.UMIC,,,,,,,,,,,,,,,,,,,,,,,,,,,,,,,,,,,,,,,,,,,,,68.3,,,,,,,,,,68.6,,,,,,,
Cabo Verde,CPV,Medium,Poverty headcount ratio at $6.85 a day (2017 PPP) (% of population),SI.POV.UMIC,,,,,,,,,,,,,,,,,,,,,,,,,,,,,,,,,,,,,,,,,,70.7,,,,,,62.6,,,,,,,,50.9,,,,,,
Costa Rica,CRI,Very High,Poverty headcount ratio at $6.85 a day (2017 PPP) (% of population),SI.POV.UMIC,,,,,,,,,,,,,,,,,,,,,,71.1,,,,,63.4,,,47.4,45.6,51.4,48,40.9,36.6,37.1,41.3,38.1,33.6,36.1,36.1,28,27.8,26.5,27.9,25.4,25.1,20.3,20,19.4,15.6,16.4,15.6,15.6,15.1,14.8,14.2,12.9,13.9,13.7,19.8,
Cuba,CUB,High,Poverty headcount ratio at $6.85 a day (2017 PPP) (% of population),SI.POV.UMIC,,,,,,,,,,,,,,,,,,,,,,,,,,,,,,,,,,,,,,,,,,,,,,,,,,,,,,,,,,,,,,
Curacao,CUW,,Poverty headcount ratio at $6.85 a day (2017 PPP) (% of population),SI.POV.UMIC,,,,,,,,,,,,,,,,,,,,,,,,,,,,,,,,,,,,,,,,,,,,,,,,,,,,,,,,,,,,,,
Cayman Islands,CYM,,Poverty headcount ratio at $6.85 a day (2017 PPP) (% of population),SI.POV.UMIC,,,,,,,,,,,,,,,,,,,,,,,,,,,,,,,,,,,,,,,,,,,,,,,,,,,,,,,,,,,,,,
Cyprus,CYP,Very High,Poverty headcount ratio at $6.85 a day (2017 PPP) (% of population),SI.POV.UMIC,,,,,,,,,,,,,,,,,,,,,,,,,,,,,,,,,,,,,,,,,,,,,0.3,0.1,0,0.1,0,0.2,0.2,0.2,0.1,0.3,0.4,0.1,0.1,0.1,0.2,0.3,,
Czech Republic,CZE,Very High,Poverty headcount ratio at $6.85 a day (2017 PPP) (% of population),SI.POV.UMIC,,,,,,,,,,,,,,,,,,,,,,,,,,,,,,,,,0.7,0.5,,,1.5,,,,,,0.7,,1.3,0.8,0.8,0.7,0.5,0.8,0.9,0.8,0.9,0.7,0.8,0.4,0.7,0.5,0.2,0.3,,
Germany,DEU,Very High,Poverty headcount ratio at $6.85 a day (2017 PPP) (% of population),SI.POV.UMIC,,,,,,,,,,,,,,,,,,,,,,,,,,,,,,,,0.2,0.2,0.2,0.7,0.5,0.5,0.2,0.2,0.2,0.2,0.2,0.2,0.5,0.2,0.2,0.2,0.2,0.2,0.2,0.2,0.2,0.2,0.2,0.2,0.2,0.2,0.5,0.2,,,
Djibouti,DJI,Low,Poverty headcount ratio at $6.85 a day (2017 PPP) (% of population),SI.POV.UMIC,,,,,,,,,,,,,,,,,,,,,,,,,,,,,,,,,,,,,,,,,,,82.5,,,,,,,,,,76,80.6,,,,78.5,,,,
Dominica,DMA,High,Poverty headcount ratio at $6.85 a day (2017 PPP) (% of population),SI.POV.UMIC,,,,,,,,,,,,,,,,,,,,,,,,,,,,,,,,,,,,,,,,,,,,,,,,,,,,,,,,,,,,,,
Denmark,DNK,Very High,Poverty headcount ratio at $6.85 a day (2017 PPP) (% of population),SI.POV.UMIC,,,,,,,,,,,,,,,,,,,,,,,,,,,,1.2,,,,,1,,,0.2,,,,,0.2,,,0.4,0.4,0.5,0.3,0.6,0.8,1,0.2,0.6,0.4,0.6,0.7,0.4,0.5,0.3,0.3,0.4,,
Dominican Republic,DOM,High,Poverty headcount ratio at $6.85 a day (2017 PPP) (% of population),SI.POV.UMIC,,,,,,,,,,,,,,,,,,,,,,,,,,,37.6,,,65.3,,,52.5,,,,42.3,39.4,,,41.1,40.5,40,49,57,48.2,45,44.3,45.9,42.9,43.7,41.6,41.2,40.5,34.8,30.4,28.7,25.5,22.2,20.2,23.8,
Algeria,DZA,High,Poverty headcount ratio at $6.85 a day (2017 PPP) (% of population),SI.POV.UMIC,,,,,,,,,,,,,,,,,,,,,,,,,,,,,63.6,,,,,,,61.1,,,,,,,,,,,,,,,,36.6,,,,,,,,,,
Ecuador,ECU,High,Poverty headcount ratio at $6.85 a day (2017 PPP) (% of population),SI.POV.UMIC,,,,,,,,,,,,,,,,,,,,,,,,,,,,,,,,,,,64.9,,,,,67.8,75.9,,,57.8,58.9,50.6,45.8,44.9,42.3,43.2,38.8,34.7,31.5,31.2,27.6,28.8,28.2,27.1,27.8,29.7,34.6,
"Egypt, Arab Rep.",EGY,High,Poverty headcount ratio at $6.85 a day (2017 PPP) (% of population),SI.POV.UMIC,,,,,,,,,,,,,,,,,,,,,,,,,,,,,,,78.9,,,,,81.8,,,,70.4,,,,,77.7,,,,77.5,,70.6,,67.8,,,64.5,,72.6,,,,
Eritrea,ERI,Low,Poverty headcount ratio at $6.85 a day (2017 PPP) (% of population),SI.POV.UMIC,,,,,,,,,,,,,,,,,,,,,,,,,,,,,,,,,,,,,,,,,,,,,,,,,,,,,,,,,,,,,,
Spain,ESP,Very High,Poverty headcount ratio at $6.85 a day (2017 PPP) (% of population),SI.POV.UMIC,,,,,,,,,,,,,,,,,,,,,7.2,,,,,7.2,,,,,3,,,,,4.5,,,,,1.7,,,2.2,2.4,2.6,2.6,1.6,1.9,2.3,2.7,3,3.4,3.8,3.3,3.5,3.5,2.5,2.7,2.8,,
Estonia,EST,Very High,Poverty headcount ratio at $6.85 a day (2017 PPP) (% of population),SI.POV.UMIC,,,,,,,,,,,,,,,,,,,,,,,,,,,,,,,,,,,,,,,,,,,,16.9,10.9,7.6,4.6,3,3,4,5.8,4.7,4.1,4.2,4,2.3,1.8,1.3,1.1,1.4,,
Ethiopia,ETH,Low,Poverty headcount ratio at $6.85 a day (2017 PPP) (% of population),SI.POV.UMIC,,,,,,,,,,,,,,,,,,,,,,,,,,,,,,,,,,,,96.4,,,,97.6,,,,,96.2,,,,,,94.1,,,,,90.9,,,,,,
Finland,FIN,Very High,Poverty headcount ratio at $6.85 a day (2017 PPP) (% of population),SI.POV.UMIC,,,,,,,,,,,,,,,,,,,,,,,,,,,,0.2,,,,0.2,,,,0.2,,,,,0.2,,,0.2,0.2,0.2,0.2,0.1,0.2,0.1,0.2,0.1,0.2,0.2,0.2,0.2,0.2,0.1,0.2,0.2,,
Fiji,FJI,High,Poverty headcount ratio at $6.85 a day (2017 PPP) (% of population),SI.POV.UMIC,,,,,,,,,,,,,,,,,,,,,,,,,,,,,,,,,,,,,,,,,,,44.9,,,,,,40,,,,,38.6,,,,,,52.6,,
France,FRA,Very High,Poverty headcount ratio at $6.85 a day (2017 PPP) (% of population),SI.POV.UMIC,,,,,,,,,,,,,,,,,,,2.5,,,,,,3.5,,,,,2,,,,,0.2,,,,,,0.2,,,0.4,0.3,0.3,0.2,0.1,0.1,0.4,0.3,0.2,0.3,0.2,0.2,0.3,0.3,0.1,0.1,,,
Faroe Islands,FRO,,Poverty headcount ratio at $6.85 a day (2017 PPP) (% of population),SI.POV.UMIC,,,,,,,,,,,,,,,,,,,,,,,,,,,,,,,,,,,,,,,,,,,,,,,,,,,,,,,,,,,,,,
"Micronesia, Fed. Sts.",FSM,Medium,Poverty headcount ratio at $6.85 a day (2017 PPP) (% of population),SI.POV.UMIC,,,,,,,,,,,,,,,,,,,,,,,,,,,,,,,,,,,,,,,,,,,,,,59.7,,,,,,,,74.8,,,,,,,,
Gabon,GAB,High,Poverty headcount ratio at $6.85 a day (2017 PPP) (% of population),SI.POV.UMIC,,,,,,,,,,,,,,,,,,,,,,,,,,,,,,,,,,,,,,,,,,,,,,55.1,,,,,,,,,,,,31.2,,,,
United Kingdom,GBR,Very High,Poverty headcount ratio at $6.85 a day (2017 PPP) (% of population),SI.POV.UMIC,,,,,,,,,,7.7,,,,,1.7,,,,,1.5,,,,,,,2.7,,,,,1.7,,,1,1,0.7,0.7,0.7,0.7,0.5,0.7,0.7,0.7,1.5,1.4,1,0.9,1.1,0.8,1,0.9,0.7,0.5,0.8,0.9,0.7,1,,,,
Georgia,GEO,Very High,Poverty headcount ratio at $6.85 a day (2017 PPP) (% of population),SI.POV.UMIC,,,,,,,,,,,,,,,,,,,,,,,,,,,,,,,,,,,,,52,73.9,74.1,79.6,81.6,83.5,72.7,72,70,71.7,72.7,74.1,70.2,70.5,70.6,69,65.5,60,57,56.2,56.3,53.9,53.9,54.2,58.3,
Ghana,GHA,Medium,Poverty headcount ratio at $6.85 a day (2017 PPP) (% of population),SI.POV.UMIC,,,,,,,,,,,,,,,,,,,,,,,,,,,,98.1,97.8,,,98.1,,,,,,,95.5,,,,,,,91,,,,,,,80.5,,,,78.5,,,,,
Gibraltar,GIB,,Poverty headcount ratio at $6.85 a day (2017 PPP) (% of population),SI.POV.UMIC,,,,,,,,,,,,,,,,,,,,,,,,,,,,,,,,,,,,,,,,,,,,,,,,,,,,,,,,,,,,,,
Guinea,GIN,Low,Poverty headcount ratio at $6.85 a day (2017 PPP) (% of population),SI.POV.UMIC,,,,,,,,,,,,,,,,,,,,,,,,,,,,,,,,100,,,87.9,,,,,,,,93.9,,,,,92.9,,,,,90.5,,,,,,86.8,,,
"Gambia, The",GMB,Low,Poverty headcount ratio at $6.85 a day (2017 PPP) (% of population),SI.POV.UMIC,,,,,,,,,,,,,,,,,,,,,,,,,,,,,,,,,,,,,,,96.5,,,,,90.9,,,,,,,86.3,,,,,81.2,,,,,,
Guinea-Bissau,GNB,Low,Poverty headcount ratio at $6.85 a day (2017 PPP) (% of population),SI.POV.UMIC,,,,,,,,,,,,,,,,,,,,,,,,,,,,,,,,,,90.6,,,,,,,,,96.8,,,,,,,,94.3,,,,,,,,87.2,,,
Equatorial Guinea,GNQ,Medium,Poverty headcount ratio at $6.85 a day (2017 PPP) (% of population),SI.POV.UMIC,,,,,,,,,,,,,,,,,,,,,,,,,,,,,,,,,,,,,,,,,,,,,,,,,,,,,,,,,,,,,,
Greece,GRC,Very High,Poverty headcount ratio at $6.85 a day (2017 PPP) (% of population),SI.POV.UMIC,,,,,,,,,,,,,,,,,,,,,,,,,,,,,,,,,,,,4.7,,,,,2.7,,,1.9,1.9,1.7,2.2,1.7,1.6,1.8,2.6,5.2,7.2,8.3,7.7,7.8,6.4,5.3,3.7,3.9,,
Grenada,GRD,High,Poverty headcount ratio at $6.85 a day (2017 PPP) (% of population),SI.POV.UMIC,,,,,,,,,,,,,,,,,,,,,,,,,,,,,,,,,,,,,,,,,,,,,,,,,,,,,,,,,,,,,,
Greenland,GRL,,Poverty headcount ratio at $6.85 a day (2017 PPP) (% of population),SI.POV.UMIC,,,,,,,,,,,,,,,,,,,,,,,,,,,,,,,,,,,,,,,,,,,,,,,,,,,,,,,,,,,,,,
Guatemala,GTM,Medium,Poverty headcount ratio at $6.85 a day (2017 PPP) (% of population),SI.POV.UMIC,,,,,,,,,,,,,,,,,,,,,,,,,,,87.5,,,76.5,,,,,,,,,55.3,,50,,,,,,48.6,,,,,,,,55.4,,,,,,,
Guam,GUM,,Poverty headcount ratio at $6.85 a day (2017 PPP) (% of population),SI.POV.UMIC,,,,,,,,,,,,,,,,,,,,,,,,,,,,,,,,,,,,,,,,,,,,,,,,,,,,,,,,,,,,,,
Guyana,GUY,High,Poverty headcount ratio at $6.85 a day (2017 PPP) (% of population),SI.POV.UMIC,,,,,,,,,,,,,,,,,,,,,,,,,,,,,,,,,85.2,,,,,,56.6,,,,,,,,,,,,,,,,,,,,,,,
"Hong Kong SAR, China",HKG,Very High,Poverty headcount ratio at $6.85 a day (2017 PPP) (% of population),SI.POV.UMIC,,,,,,,,,,,,,,,,,,,,,,,,,,,,,,,,,,,,,,,,,,,,,,,,,,,,,,,,,,,,,,
Honduras,HND,Medium,Poverty headcount ratio at $6.85 a day (2017 PPP) (% of population),SI.POV.UMIC,,,,,,,,,,,,,,,,,,,,,,,,,,,,,,80.6,82.6,79.4,76.4,70.1,70,71,72.9,65.6,64.7,66.2,,56.5,61.5,65,64.5,62,56.4,54.2,51.3,48.4,51.3,51.4,56.9,54.4,53.1,53.2,50.5,51.2,51.3,49.5,,
Croatia,HRV,Very High,Poverty headcount ratio at $6.85 a day (2017 PPP) (% of population),SI.POV.UMIC,,,,,,,,,,,,,,,,,,,,,,,,,,,,,,,,,,,,,,,,,,,,,,,,,,5.1,6.6,7.5,8.1,7.8,6.6,5.8,4.7,4.2,2.7,2.4,,
Haiti,HTI,Low,Poverty headcount ratio at $6.85 a day (2017 PPP) (% of population),SI.POV.UMIC,,,,,,,,,,,,,,,,,,,,,,,,,,,,,,,,,,,,,,,,,,,,,,,,,,,,,85.8,,,,,,,,,
Hungary,HUN,Very High,Poverty headcount ratio at $6.85 a day (2017 PPP) (% of population),SI.POV.UMIC,,,,,,,,,,,,,,,,,,,,,,,,,,,,,,,,,,,,,,,,,,,,,5.7,7.4,4,4,3.3,4,5.4,5.8,7.8,7.3,5.4,3.9,3.3,4,2.8,2.5,,
Indonesia,IDN,High,Poverty headcount ratio at $6.85 a day (2017 PPP) (% of population),SI.POV.UMIC,,,,,,,,,,,,,,,,,,,,,,,,,98.7,,,98.8,,,97.6,,,97.4,,,95.4,,98.5,96.6,96.9,96,91.9,91,91.1,90.5,91.4,88,88.1,87.2,82.5,79.3,78.5,76.2,74.9,72.9,68.3,65.3,62.8,61.9,60.7,60.6
Isle of Man,IMN,,Poverty headcount ratio at $6.85 a day (2017 PPP) (% of population),SI.POV.UMIC,,,,,,,,,,,,,,,,,,,,,,,,,,,,,,,,,,,,,,,,,,,,,,,,,,,,,,,,,,,,,,
India,IND,Medium,Poverty headcount ratio at $6.85 a day (2017 PPP) (% of population),SI.POV.UMIC,,,,,,,,,,,,,,,,,,97.7,,,,,,97.3,,,,96.6,,,,,,96.6,,,,,,,,,,,94.4,,,,,92.9,,89.9,,,,88.9,88.7,85.3,82.6,83.8,,
Ireland,IRL,Very High,Poverty headcount ratio at $6.85 a day (2017 PPP) (% of population),SI.POV.UMIC,,,,,,,,,,,,,,,,,,,,,,,,,,,,8.2,,,,,,,1.2,1.5,1.5,,,,0.5,,1.2,0.5,0.4,0.3,0.6,0.5,0.8,1.4,1.7,1.4,1.3,1.5,1.2,0.8,0.8,0.5,0.1,,,
"Iran, Islamic Rep.",IRN,High,Poverty headcount ratio at $6.85 a day (2017 PPP) (% of population),SI.POV.UMIC,,,,,,,,,,,,,,,,,,,,,,,,,,,53,,,,55.4,,,,47.7,,,,44.8,,,,,,,23.5,24.7,,,22.7,,,,18.8,21.1,21.9,22,20.9,22.1,27.6,,
Iraq,IRQ,Medium,Poverty headcount ratio at $6.85 a day (2017 PPP) (% of population),SI.POV.UMIC,,,,,,,,,,,,,,,,,,,,,,,,,,,,,,,,,,,,,,,,,,,,,,,26.4,,,,,,24.7,,,,,,,,,
Iceland,ISL,Very High,Poverty headcount ratio at $6.85 a day (2017 PPP) (% of population),SI.POV.UMIC,,,,,,,,,,,,,,,,,,,,,,,,,,,,,,,,,,,,,,,,,,,,0.4,0.4,0.2,0.4,0.3,0.2,0.3,0.5,0.8,0.3,0.2,0.1,0.1,0.2,0,,,,
Israel,ISR,Very High,Poverty headcount ratio at $6.85 a day (2017 PPP) (% of population),SI.POV.UMIC,,,,,,,,,,,,,,,,,,,,9.2,,,,,,,10,,,,,,4.7,,,,,6,,,,4.2,8.5,9,9.7,9.4,9,7.2,7.2,8.2,7.2,7,6.7,5.2,5.5,5,4,4.2,3.2,,,
Italy,ITA,Very High,Poverty headcount ratio at $6.85 a day (2017 PPP) (% of population),SI.POV.UMIC,,,,,,,,,,,,,,,,,,,,,,,,,,,2.2,3.2,,0.5,,1.5,,4.2,,3.5,,,4,,3.5,,,2.1,1.7,1.9,1.6,1.7,1.8,2.1,2.7,2.7,3.1,3.2,3.1,3.9,3.4,3.3,3.2,,,
Jamaica,JAM,High,Poverty headcount ratio at $6.85 a day (2017 PPP) (% of population),SI.POV.UMIC,,,,,,,,,,,,,,,,,,,,,,,,,,,,,45.8,,49.5,,,64.4,,,42.8,,,30.4,,,33.3,,29.1,,,,,,,,,,,,,,,,,
Jordan,JOR,High,Poverty headcount ratio at $6.85 a day (2017 PPP) (% of population),SI.POV.UMIC,,,,,,,,,,,,,,,,,,,,,,,,,,,13.8,,,,,,32.5,,,,,31.4,,,,,22.8,,,,13.5,,12,,8.2,,,,,,,,,,,
Japan,JPN,Very High,Poverty headcount ratio at $6.85 a day (2017 PPP) (% of population),SI.POV.UMIC,,,,,,,,,,,,,,,,,,,,,,,,,,,,,,,,,,,,,,,,,,,,,,,,,2.2,,0.5,,,1.4,,,,,,,,
Kazakhstan,KAZ,Very High,Poverty headcount ratio at $6.85 a day (2017 PPP) (% of population),SI.POV.UMIC,,,,,,,,,,,,,,,,,,,,,,,,,,,,,,,,,,,,,65.6,,,,,74.5,72.3,67.6,64.3,61.5,50.8,38,36.7,37.6,32,19.2,19,13.7,14.8,17.2,23.8,18.8,14.3,,,
Kenya,KEN,Medium,Poverty headcount ratio at $6.85 a day (2017 PPP) (% of population),SI.POV.UMIC,,,,,,,,,,,,,,,,,,,,,,,,,,,,,,,,,74.9,,83.2,,,82.1,,,,,,,,87.4,,,,,,,,,,85.7,,,,,,
Kyrgyz Republic,KGZ,,Poverty headcount ratio at $6.85 a day (2017 PPP) (% of population),SI.POV.UMIC,,,,,,,,,,,,,,,,,,,,,,,,,,,,,,,,,,,,,,,,,95.2,95,94.6,94.1,80,84.7,72.9,74.2,67.6,67.6,70.5,70.6,73.3,73.3,70.8,73.8,71.3,70.3,66.1,63.7,67.6,
Cambodia,KHM,Medium,Poverty headcount ratio at $6.85 a day (2017 PPP) (% of population),SI.POV.UMIC,,,,,,,,,,,,,,,,,,,,,,,,,,,,,,,,,,,,,,,,,,,,,,,,,,,,,,,,,,,,,,
Kiribati,KIR,Medium,Poverty headcount ratio at $6.85 a day (2017 PPP) (% of population),SI.POV.UMIC,,,,,,,,,,,,,,,,,,,,,,,,,,,,,,,,,,,,,,,,,,,,,,,77.4,,,,,,,,,,,,,68.8,,
St. Kitts and Nevis,KNA,High,Poverty headcount ratio at $6.85 a day (2017 PPP) (% of population),SI.POV.UMIC,,,,,,,,,,,,,,,,,,,,,,,,,,,,,,,,,,,,,,,,,,,,,,,,,,,,,,,,,,,,,,
"Korea, Rep.",KOR,Very High,Poverty headcount ratio at $6.85 a day (2017 PPP) (% of population),SI.POV.UMIC,,,,,,,,,,,,,,,,,,,,,,,,,,,,,,,,,,,,,,,,,,,,,,,2,,1.7,,2.2,,1.7,,1.5,,1.2,,,,,
Kuwait,KWT,Very High,Poverty headcount ratio at $6.85 a day (2017 PPP) (% of population),SI.POV.UMIC,,,,,,,,,,,,,,,,,,,,,,,,,,,,,,,,,,,,,,,,,,,,,,,,,,,,,,,,,,,,,,
Lao PDR,LAO,Medium,Poverty headcount ratio at $6.85 a day (2017 PPP) (% of population),SI.POV.UMIC,,,,,,,,,,,,,,,,,,,,,,,,,,,,,,,,,90.1,,,,,94.6,,,,,91.9,,,,,88.3,,,,,78.8,,,,,,70.5,,,
Lebanon,LBN,High,Poverty headcount ratio at $6.85 a day (2017 PPP) (% of population),SI.POV.UMIC,,,,,,,,,,,,,,,,,,,,,,,,,,,,,,,,,,,,,,,,,,,,,,,,,,,,1.7,,,,,,,,,,
Liberia,LBR,Low,Poverty headcount ratio at $6.85 a day (2017 PPP) (% of population),SI.POV.UMIC,,,,,,,,,,,,,,,,,,,,,,,,,,,,,,,,,,,,,,,,,,,,,,,,96.5,,,,,,,90.3,,88.9,,,,,
Libya,LBY,High,Poverty headcount ratio at $6.85 a day (2017 PPP) (% of population),SI.POV.UMIC,,,,,,,,,,,,,,,,,,,,,,,,,,,,,,,,,,,,,,,,,,,,,,,,,,,,,,,,,,,,,,
St. Lucia,LCA,High,Poverty headcount ratio at $6.85 a day (2017 PPP) (% of population),SI.POV.UMIC,,,,,,,,,,,,,,,,,,,,,,,,,,,,,,,,,,,,89.6,,,,,,,,,,,,,,,,,,,,,25.3,,,,,
Liechtenstein,LIE,Very High,Poverty headcount ratio at $6.85 a day (2017 PPP) (% of population),SI.POV.UMIC,,,,,,,,,,,,,,,,,,,,,,,,,,,,,,,,,,,,,,,,,,,,,,,,,,,,,,,,,,,,,,
Sri Lanka,LKA,High,Poverty headcount ratio at $6.85 a day (2017 PPP) (% of population),SI.POV.UMIC,,,,,,,,,,,,,,,,,,,,,,,,,,87.6,,,,,87.2,,,,,82.5,,,,,,,76.8,,,,69.4,,,67.4,,,61.5,,,,52.8,,,,,
Lesotho,LSO,Low,Poverty headcount ratio at $6.85 a day (2017 PPP) (% of population),SI.POV.UMIC,,,,,,,,,,,,,,,,,,,,,,,,,,,89,,,,,,,,82.9,,,,,,,,95.1,,,,,,,,,,,,,,,81,,,,
Lithuania,LTU,Very High,Poverty headcount ratio at $6.85 a day (2017 PPP) (% of population),SI.POV.UMIC,,,,,,,,,,,,,,,,,,,,,,,,,,,,,,,,,,,,,,,,,,,,,21.6,14.9,8.7,6.1,5.3,10.2,10.4,7,7,5.8,6.3,4.8,4.9,4.4,2.9,1.6,,
Luxembourg,LUX,Very High,Poverty headcount ratio at $6.85 a day (2017 PPP) (% of population),SI.POV.UMIC,,,,,,,,,,,,,,,,,,,,,,,,,,0.2,,,,,,0,,,0,,,0.2,,,0,,,0.5,0.1,0.1,0,0,0.1,0.2,0.3,0.2,0.3,0.3,0.3,0.7,0.5,0.9,0.7,0.3,,
Latvia,LVA,Very High,Poverty headcount ratio at $6.85 a day (2017 PPP) (% of population),SI.POV.UMIC,,,,,,,,,,,,,,,,,,,,,,,,,,,,,,,,,,,,,,,,,,,,,19.3,17.3,9.4,6.1,7.9,11.7,11.9,11.2,10.4,8.1,7.1,4.9,4.6,4.5,3,2.6,,
"Macao SAR, China",MAC,,Poverty headcount ratio at $6.85 a day (2017 PPP) (% of population),SI.POV.UMIC,,,,,,,,,,,,,,,,,,,,,,,,,,,,,,,,,,,,,,,,,,,,,,,,,,,,,,,,,,,,,,
St. Martin (French part),MAF,,Poverty headcount ratio at $6.85 a day (2017 PPP) (% of population),SI.POV.UMIC,,,,,,,,,,,,,,,,,,,,,,,,,,,,,,,,,,,,,,,,,,,,,,,,,,,,,,,,,,,,,,
Morocco,MAR,Medium,Poverty headcount ratio at $6.85 a day (2017 PPP) (% of population),SI.POV.UMIC,,,,,,,,,,,,,,,,,,,,,,,,,77.4,,,,,,59.1,,,,,,,,68.4,,68.2,,,,,,59.2,,,,,,,42.1,,,,,,,,
Monaco,MCO,,Poverty headcount ratio at $6.85 a day (2017 PPP) (% of population),SI.POV.UMIC,,,,,,,,,,,,,,,,,,,,,,,,,,,,,,,,,,,,,,,,,,,,,,,,,,,,,,,,,,,,,,
Moldova,MDA,High,Poverty headcount ratio at $6.85 a day (2017 PPP) (% of population),SI.POV.UMIC,,,,,,,,,,,,,,,,,,,,,,,,,,,,,,,,,,,,,,75.6,83.9,88.4,90.8,85.8,76.9,69.6,70.2,75.3,41.9,32.5,34,33,30.1,27,25.9,21.1,19.9,17.7,17.7,17.5,14.6,14.7,,
Madagascar,MDG,Low,Poverty headcount ratio at $6.85 a day (2017 PPP) (% of population),SI.POV.UMIC,,,,,,,,,,,,,,,,,,,,,91.5,,,,,,,,,,,,,97.5,,,,98,,97.8,,95.9,,,,98,,,,,98.1,,98.2,,,,,,,,,
Maldives,MDV,High,Poverty headcount ratio at $6.85 a day (2017 PPP) (% of population),SI.POV.UMIC,,,,,,,,,,,,,,,,,,,,,,,,,,,,,,,,,,,,,,,,,,,71.3,,,,,,,50.5,,,,,,,5.5,,,3.9,,
Mexico,MEX,High,Poverty headcount ratio at $6.85 a day (2017 PPP) (% of population),SI.POV.UMIC,,,,,,,,,,,,,,,,,,,,,,,,,,,,,,53.7,,,47.6,,46.6,,63.3,,55.2,,48.2,,45.3,,42.1,40.9,37.2,,37.8,,38.1,,35.4,,38.3,,33.6,,31.1,,32.5,
Marshall Islands,MHL,Medium,Poverty headcount ratio at $6.85 a day (2017 PPP) (% of population),SI.POV.UMIC,,,,,,,,,,,,,,,,,,,,,,,,,,,,,,,,,,,,,,,,,,,,,,,,,,,,,,,,,,,,31.4,,
North Macedonia,MKD,High,Poverty headcount ratio at $6.85 a day (2017 PPP) (% of population),SI.POV.UMIC,,,,,,,,,,,,,,,,,,,,,,,,,,,,,,,,,,,,,,,,,,,,,,,,,,40.8,37.8,37.2,35.7,34.1,29.8,28.8,24.9,23.1,20.8,,,
Mali,MLI,Low,Poverty headcount ratio at $6.85 a day (2017 PPP) (% of population),SI.POV.UMIC,,,,,,,,,,,,,,,,,,,,,,,,,,,,,,,,,,,98,,,,,,,95.6,,,,,93.7,,,95.9,,,,,,,,,80.5,,,
Malta,MLT,Very High,Poverty headcount ratio at $6.85 a day (2017 PPP) (% of population),SI.POV.UMIC,,,,,,,,,,,,,,,,,,,,,,,,,,,,,,,,,,,,,,,,,,,,,,,0.8,1.1,0.6,1,0.5,0.6,0.4,0.2,0.1,0.3,0.3,0.3,0.3,0.7,,
Myanmar,MMR,Medium,Poverty headcount ratio at $6.85 a day (2017 PPP) (% of population),SI.POV.UMIC,,,,,,,,,,,,,,,,,,,,,,,,,,,,,,,,,,,,,,,,,,,,,,,,,,,,,,,,72.8,,68.2,,,,
Montenegro,MNE,Very High,Poverty headcount ratio at $6.85 a day (2017 PPP) (% of population),SI.POV.UMIC,,,,,,,,,,,,,,,,,,,,,,,,,,,,,,,,,,,,,,,,,,,,,,,,,,,,,26.3,23.3,22.6,21.3,17.3,17.2,18.5,,,
Mongolia,MNG,High,Poverty headcount ratio at $6.85 a day (2017 PPP) (% of population),SI.POV.UMIC,,,,,,,,,,,,,,,,,,,,,,,,,,,,,,,,,,,,79.3,,,94.1,,,,77,,,,,50.6,,,49,43.7,34,,28.1,,41.9,,38.3,,,
Northern Mariana Islands,MNP,,Poverty headcount ratio at $6.85 a day (2017 PPP) (% of population),SI.POV.UMIC,,,,,,,,,,,,,,,,,,,,,,,,,,,,,,,,,,,,,,,,,,,,,,,,,,,,,,,,,,,,,,
Mozambique,MOZ,Low,Poverty headcount ratio at $6.85 a day (2017 PPP) (% of population),SI.POV.UMIC,,,,,,,,,,,,,,,,,,,,,,,,,,,,,,,,,,,,,97.2,,,,,,97.5,,,,,,97,,,,,,93.6,,,,,,,
Mauritania,MRT,Medium,Poverty headcount ratio at $6.85 a day (2017 PPP) (% of population),SI.POV.UMIC,,,,,,,,,,,,,,,,,,,,,,,,,,,,89.8,,,,,,91.2,,84,,,,,80.9,,,,82.6,,,,71.6,,,,,,66.8,,,,,,,
Mauritius,MUS,Very High,Poverty headcount ratio at $6.85 a day (2017 PPP) (% of population),SI.POV.UMIC,,,,,,,,,,,,,,,,,,,,,,,,,,,,,,,,,,,,,,,,,,,,,,,22.8,,,,,,19.4,,,,,13.5,,,,
Malawi,MWI,Low,Poverty headcount ratio at $6.85 a day (2017 PPP) (% of population),SI.POV.UMIC,,,,,,,,,,,,,,,,,,,,,,,,,,,,,,,,,,,,,,93.8,,,,,,,97.2,,,,,,96.2,,,,,,96.8,,,97.3,,
Malaysia,MYS,Very High,Poverty headcount ratio at $6.85 a day (2017 PPP) (% of population),SI.POV.UMIC,,,,,,,,,,,,,,,,,,,,,,,,,39.2,,,40.1,,39.9,,,37.1,,,36,,27.6,,,,,,27.8,,,22.4,,22.1,,,12.9,,6.6,,4.8,,,,,,
Namibia,NAM,Medium,Poverty headcount ratio at $6.85 a day (2017 PPP) (% of population),SI.POV.UMIC,,,,,,,,,,,,,,,,,,,,,,,,,,,,,,,,,,,,,,,,,,,,78,,,,,,73.3,,,,,,57.3,,,,,,
New Caledonia,NCL,,Poverty headcount ratio at $6.85 a day (2017 PPP) (% of population),SI.POV.UMIC,,,,,,,,,,,,,,,,,,,,,,,,,,,,,,,,,,,,,,,,,,,,,,,,,,,,,,,,,,,,,,
Niger,NER,Low,Poverty headcount ratio at $6.85 a day (2017 PPP) (% of population),SI.POV.UMIC,,,,,,,,,,,,,,,,,,,,,,,,,,,,,,,,,99,,99,,,,,,,,,,,98.1,,97.9,,,,97.7,,,96.7,,,,95,,,
Nigeria,NGA,Low,Poverty headcount ratio at $6.85 a day (2017 PPP) (% of population),SI.POV.UMIC,,,,,,,,,,,,,,,,,,,,,,,,,,93.4,,,,,,,92.4,,,,92.7,,,,,,,94,,,,,,,90.8,,90.5,,,89.5,,,90.8,,,
Nicaragua,NIC,Medium,Poverty headcount ratio at $6.85 a day (2017 PPP) (% of population),SI.POV.UMIC,,,,,,,,,,,,,,,,,,,,,,,,,,,,,,,,,,79.2,,,,,74.2,,,69,,,,61,,,,57.1,,,,,42.1,,,,,,,
Netherlands,NLD,Very High,Poverty headcount ratio at $6.85 a day (2017 PPP) (% of population),SI.POV.UMIC,,,,,,,,,,,,,,,,,,,,,,,,3,,,,0.7,,,1.7,,,3,,,,,,0.7,,,,,0.8,0.5,0.2,0.4,0.6,0.4,0.2,0.4,0.2,0.3,0.4,0.4,0.4,0.4,0.4,0.4,,
Norway,NOR,Very High,Poverty headcount ratio at $6.85 a day (2017 PPP) (% of population),SI.POV.UMIC,,,,,,,,,,,,,,,,,,,,1.2,,,,,,,0.5,,,,,0.7,,,,0.7,,,,,0.5,,,0.4,0.6,0.5,0.7,0.5,0.5,0.3,0.4,0.3,0.3,0.4,0.4,0.4,0.7,0.6,0.5,0.5,,
Nepal,NPL,Medium,Poverty headcount ratio at $6.85 a day (2017 PPP) (% of population),SI.POV.UMIC,,,,,,,,,,,,,,,,,,,,,,,,,,,,,,,,,,,,96.6,,,,,,,,89.7,,,,,,,80.4,,,,,,,,,,,
Nauru,NRU,,Poverty headcount ratio at $6.85 a day (2017 PPP) (% of population),SI.POV.UMIC,,,,,,,,,,,,,,,,,,,,,,,,,,,,,,,,,,,,,,,,,,,,,,,,,,,,,51.5,,,,,,,,,
New Zealand,NZL,Very High,Poverty headcount ratio at $6.85 a day (2017 PPP) (% of population),SI.POV.UMIC,,,,,,,,,,,,,,,,,,,,,,,,,,,,,,,,,,,,,,,,,,,,,,,,,,,,,,,,,,,,,,
Oman,OMN,Very High,Poverty headcount ratio at $6.85 a day (2017 PPP) (% of population),SI.POV.UMIC,,,,,,,,,,,,,,,,,,,,,,,,,,,,,,,,,,,,,,,,,,,,,,,,,,,,,,,,,,,,,,
Pakistan,PAK,Low,Poverty headcount ratio at $6.85 a day (2017 PPP) (% of population),SI.POV.UMIC,,,,,,,,,,,,,,,,,,,,,,,,,,,,97.7,,,98,,,,,,94.7,,93.4,,,96,,,92.2,92.4,,91.4,,,90.4,89.1,,86.5,,83.8,,,84.5,,,
Panama,PAN,Very High,Poverty headcount ratio at $6.85 a day (2017 PPP) (% of population),SI.POV.UMIC,,,,,,,,,,,,,,,,,,,,39.9,,,,,,,,,,50.2,,48.2,,,,39.4,,39.1,38.8,36.5,35.1,40,37.2,36,34.8,34.5,33.9,30.5,23.2,23,21.7,18.3,18.8,18.2,16.8,15.4,14.5,14,12.5,12.1,,
Peru,PER,High,Poverty headcount ratio at $6.85 a day (2017 PPP) (% of population),SI.POV.UMIC,,,,,,,,,,,,,,,,,,,,,,,,,,,,,,,,,,,,,,61.4,62.3,62.1,62.4,63.9,60.3,59.5,59.8,61.5,55.9,50.3,46.4,44.6,40.6,38.1,35.3,34.6,33.4,32.7,31.9,32.6,30.2,28.7,42.7,
Philippines,PHL,Medium,Poverty headcount ratio at $6.85 a day (2017 PPP) (% of population),SI.POV.UMIC,,,,,,,,,,,,,,,,,,,,,,,,,,,,,,,,,,,,,,,,,68.8,,,68.1,,,67.9,,,66.1,,,64.9,,,60.1,,,53.4,,,
Palau,PLW,High,Poverty headcount ratio at $6.85 a day (2017 PPP) (% of population),SI.POV.UMIC,,,,,,,,,,,,,,,,,,,,,,,,,,,,,,,,,,,,,,,,,,,,,,,,,,,,,,,,,,,,,,
Papua New Guinea,PNG,Medium,Poverty headcount ratio at $6.85 a day (2017 PPP) (% of population),SI.POV.UMIC,,,,,,,,,,,,,,,,,,,,,,,,,,,,,,,,,,,,,90.5,,,,,,,,,,,,,90.2,,,,,,,,,,,,
Poland,POL,Very High,Poverty headcount ratio at $6.85 a day (2017 PPP) (% of population),SI.POV.UMIC,,,,,,,,,,,,,,,,,,,,,,,,,,,,,,,,,,,,,,,,,,,,,16.2,12.5,9.2,5.7,4.5,4.3,4.1,4,4.3,3.9,3.8,3.4,2.4,1.7,1.4,,,
Puerto Rico,PRI,,Poverty headcount ratio at $6.85 a day (2017 PPP) (% of population),SI.POV.UMIC,,,,,,,,,,,,,,,,,,,,,,,,,,,,,,,,,,,,,,,,,,,,,,,,,,,,,,,,,,,,,,
"Korea, Dem. People's Rep.",PRK,,Poverty headcount ratio at $6.85 a day (2017 PPP) (% of population),SI.POV.UMIC,,,,,,,,,,,,,,,,,,,,,,,,,,,,,,,,,,,,,,,,,,,,,,,,,,,,,,,,,,,,,,
Portugal,PRT,Very High,Poverty headcount ratio at $6.85 a day (2017 PPP) (% of population),SI.POV.UMIC,,,,,,,,,,,,,,,,,,,,,,,,,,,,,,,,,,,,,,,,,,,,4,3.3,3.3,3,2.2,2.9,2.3,2.6,3.7,5.5,5.4,4.7,3.6,3.6,2.3,2.1,1.5,,
Paraguay,PRY,High,Poverty headcount ratio at $6.85 a day (2017 PPP) (% of population),SI.POV.UMIC,,,,,,,,,,,,,,,,,,,,,,,,,,,,,,,21.8,,,,,43.6,,38,,41.4,,39.5,51.7,44.7,42.8,39.1,43.8,40.3,37.2,35.7,34.1,32.2,27,23.3,22.6,22.6,23.7,21,19.6,19.7,22.3,
West Bank and Gaza,PSE,,Poverty headcount ratio at $6.85 a day (2017 PPP) (% of population),SI.POV.UMIC,,,,,,,,,,,,,,,,,,,,,,,,,,,,,,,,,,,,,,,,,,,,,23.6,21.5,19.7,27.7,,18.2,18.9,17.6,,,,,20.5,,,,,
French Polynesia,PYF,,Poverty headcount ratio at $6.85 a day (2017 PPP) (% of population),SI.POV.UMIC,,,,,,,,,,,,,,,,,,,,,,,,,,,,,,,,,,,,,,,,,,,,,,,,,,,,,,,,,,,,,,
Qatar,QAT,Very High,Poverty headcount ratio at $6.85 a day (2017 PPP) (% of population),SI.POV.UMIC,,,,,,,,,,,,,,,,,,,,,,,,,,,,,,,,,,,,,,,,,,,,,,,,,,,,,,,,,,,,,,
Romania,ROU,Very High,Poverty headcount ratio at $6.85 a day (2017 PPP) (% of population),SI.POV.UMIC,,,,,,,,,,,,,,,,,,,,,,,,,,,,,,,,,,,,,,,,,,,,,,,42.2,36.2,29.4,27.7,29.6,33.5,33.6,32.8,29.7,27.4,21.8,16.3,13,10.9,,
Russian Federation,RUS,Very High,Poverty headcount ratio at $6.85 a day (2017 PPP) (% of population),SI.POV.UMIC,,,,,,,,,,,,,,,,,,,,,,,,,,,,,,,,,,,,,,30,36,48.1,42.6,35.8,30.7,28.9,25.6,22,18.4,13.7,9.4,9,7.2,6.2,5.6,5,4.7,5.5,5.6,5.3,4.9,4.2,4.1,
Rwanda,RWA,Low,Poverty headcount ratio at $6.85 a day (2017 PPP) (% of population),SI.POV.UMIC,,,,,,,,,,,,,,,,,,,,,,,,,,,,,,,,,,,,,,,,,96,,,,,93.9,,,,,93.4,,,92.9,,,92.2,,,,,
Saudi Arabia,SAU,Very High,Poverty headcount ratio at $6.85 a day (2017 PPP) (% of population),SI.POV.UMIC,,,,,,,,,,,,,,,,,,,,,,,,,,,,,,,,,,,,,,,,,,,,,,,,,,,,,,,,,,,,,,
Sudan,SDN,Low,Poverty headcount ratio at $6.85 a day (2017 PPP) (% of population),SI.POV.UMIC,,,,,,,,,,,,,,,,,,,,,,,,,,,,,,,,,,,,,,,,,,,,,,,,,,82.8,,,,,86.2,,,,,,,
Senegal,SEN,Low,Poverty headcount ratio at $6.85 a day (2017 PPP) (% of population),SI.POV.UMIC,,,,,,,,,,,,,,,,,,,,,,,,,,,,,,,,95.2,,,96.3,,,,,,,94.3,,,,91.9,,,,,,90.9,,,,,,,74.4,,,
Singapore,SGP,Very High,Poverty headcount ratio at $6.85 a day (2017 PPP) (% of population),SI.POV.UMIC,,,,,,,,,,,,,,,,,,,,,,,,,,,,,,,,,,,,,,,,,,,,,,,,,,,,,,,,,,,,,,
Solomon Islands,SLB,Medium,Poverty headcount ratio at $6.85 a day (2017 PPP) (% of population),SI.POV.UMIC,,,,,,,,,,,,,,,,,,,,,,,,,,,,,,,,,,,,,,,,,,,,,,91,,,,,,,88.5,,,,,,,,,
Sierra Leone,SLE,Low,Poverty headcount ratio at $6.85 a day (2017 PPP) (% of population),SI.POV.UMIC,,,,,,,,,,,,,,,,,,,,,,,,,,,,,,93.9,,,,,,,,,,,,,,94.8,,,,,,,,93.4,,,,,,,89.9,,,
El Salvador,SLV,Medium,Poverty headcount ratio at $6.85 a day (2017 PPP) (% of population),SI.POV.UMIC,,,,,,,,,,,,,,,,,,,,,,,,,,,,,,58.1,,65.9,,,,58.2,59.7,,57.9,55.3,51,52.4,52.4,53.6,51.8,51.8,50.5,47.2,50.9,50.5,49.1,50,47.1,42.7,42.7,40.2,38.7,36.3,33,28.8,,
San Marino,SMR,Very High,Poverty headcount ratio at $6.85 a day (2017 PPP) (% of population),SI.POV.UMIC,,,,,,,,,,,,,,,,,,,,,,,,,,,,,,,,,,,,,,,,,,,,,,,,,,,,,,,,,,,,,,
Somalia,SOM,,Poverty headcount ratio at $6.85 a day (2017 PPP) (% of population),SI.POV.UMIC,,,,,,,,,,,,,,,,,,,,,,,,,,,,,,,,,,,,,,,,,,,,,,,,,,,,,,,,,,98.6,,,,
Serbia,SRB,Very High,Poverty headcount ratio at $6.85 a day (2017 PPP) (% of population),SI.POV.UMIC,,,,,,,,,,,,,,,,,,,,,,,,,,,,,,,,,,,,,,,,,,,,,,,,,,,,,25,28.3,28.2,27.2,24.6,21.7,17.2,12.1,,
South Sudan,SSD,Low,Poverty headcount ratio at $6.85 a day (2017 PPP) (% of population),SI.POV.UMIC,,,,,,,,,,,,,,,,,,,,,,,,,,,,,,,,,,,,,,,,,,,,,,,,,,81.8,,,,,,,96.6,,,,,
Sao Tome and Principe,STP,Medium,Poverty headcount ratio at $6.85 a day (2017 PPP) (% of population),SI.POV.UMIC,,,,,,,,,,,,,,,,,,,,,,,,,,,,,,,,,,,,,,,,,87,,,,,,,,,,90.3,,,,,,,79.7,,,,
Suriname,SUR,High,Poverty headcount ratio at $6.85 a day (2017 PPP) (% of population),SI.POV.UMIC,,,,,,,,,,,,,,,,,,,,,,,,,,,,,,,,,,,,,,,,44.5,,,,,,,,,,,,,,,,,,,,,,
Slovak Republic,SVK,Very High,Poverty headcount ratio at $6.85 a day (2017 PPP) (% of population),SI.POV.UMIC,,,,,,,,,,,,,,,,,,,,,,,,,,,,,,,,,,,,,,,,,,,,,8.3,5.2,3.5,3.2,3.9,3.9,3.4,3,4.5,4.1,4.8,4.3,4.3,2.7,3.4,2,,
Slovenia,SVN,Very High,Poverty headcount ratio at $6.85 a day (2017 PPP) (% of population),SI.POV.UMIC,,,,,,,,,,,,,,,,,,,,,,,,,,,,,,,,,,,,,,,,,,,,,0.5,0.5,0.4,0.2,0.1,0.2,0.1,0.3,0.3,0.4,0.3,0.3,0.2,0.1,0.1,0.1,,
Sweden,SWE,Very High,Poverty headcount ratio at $6.85 a day (2017 PPP) (% of population),SI.POV.UMIC,,,,,,,,12.2,,,,,,,,1,,,,,,1.2,,,,,,0.7,,,,,1,,,1.5,,,,,0.5,,,1,1,1.8,1,0.9,1,1.1,1.3,1.4,1.2,1.3,1.1,1.1,0.9,0.8,1.4,0.9,,
Eswatini,SWZ,Medium,Poverty headcount ratio at $6.85 a day (2017 PPP) (% of population),SI.POV.UMIC,,,,,,,,,,,,,,,,,,,,,,,,,,,,,,,,,,,98.2,,,,,,89.5,,,,,,,,,87.2,,,,,,,78.1,,,,,
Sint Maarten (Dutch part),SXM,,Poverty headcount ratio at $6.85 a day (2017 PPP) (% of population),SI.POV.UMIC,,,,,,,,,,,,,,,,,,,,,,,,,,,,,,,,,,,,,,,,,,,,,,,,,,,,,,,,,,,,,,
Seychelles,SYC,High,Poverty headcount ratio at $6.85 a day (2017 PPP) (% of population),SI.POV.UMIC,,,,,,,,,,,,,,,,,,,,,,,,,,,,,,,,,,,,,,,,,,,,,,,,,,,,,,9.7,,,,,6.7,,,
Syrian Arab Republic,SYR,Medium,Poverty headcount ratio at $6.85 a day (2017 PPP) (% of population),SI.POV.UMIC,,,,,,,,,,,,,,,,,,,,,,,,,,,,,,,,,,,,,62.2,,,,,,,49,,,,,,,,,,,,,,,,,,
Turks and Caicos Islands,TCA,,Poverty headcount ratio at $6.85 a day (2017 PPP) (% of population),SI.POV.UMIC,,,,,,,,,,,,,,,,,,,,,,,,,,,,,,,,,,,,,,,,,,,,,,,,,,,,,,,,,,,,,,
Chad,TCD,Low,Poverty headcount ratio at $6.85 a day (2017 PPP) (% of population),SI.POV.UMIC,,,,,,,,,,,,,,,,,,,,,,,,,,,,,,,,,,,,,,,,,,,,95.9,,,,,,,,87.9,,,,,,,89.4,,,
Togo,TGO,Low,Poverty headcount ratio at $6.85 a day (2017 PPP) (% of population),SI.POV.UMIC,,,,,,,,,,,,,,,,,,,,,,,,,,,,,,,,,,,,,,,,,,,,,,,94.7,,,,,93.5,,,,94.2,,,84,,,
Thailand,THA,Very High,Poverty headcount ratio at $6.85 a day (2017 PPP) (% of population),SI.POV.UMIC,,,,,,,,,,,,,,,,,,,,,,76.9,,,,,,,76.2,,72.6,,66.1,,60.4,,56.1,,54.1,58.3,59,,50.8,,44.3,,36.9,34.8,32.7,29.8,27.4,22.9,22.5,19.5,18.7,14.6,15.7,15.1,15.6,13.1,13.2,
Tajikistan,TJK,Medium,Poverty headcount ratio at $6.85 a day (2017 PPP) (% of population),SI.POV.UMIC,,,,,,,,,,,,,,,,,,,,,,,,,,,,,,,,,,,,,,,,99.2,,,,94.8,87.7,,,85,,76.3,,,,,,66.4,,,,,,
Turkmenistan,TKM,High,Poverty headcount ratio at $6.85 a day (2017 PPP) (% of population),SI.POV.UMIC,,,,,,,,,,,,,,,,,,,,,,,,,,,,,,,,,,,,,,,91.3,,,,,,,,,,,,,,,,,,,,,,,
Timor-Leste,TLS,Medium,Poverty headcount ratio at $6.85 a day (2017 PPP) (% of population),SI.POV.UMIC,,,,,,,,,,,,,,,,,,,,,,,,,,,,,,,,,,,,,,,,,,86.4,,,,,,92.5,,,,,,,86.4,,,,,,,
Tonga,TON,High,Poverty headcount ratio at $6.85 a day (2017 PPP) (% of population),SI.POV.UMIC,,,,,,,,,,,,,,,,,,,,,,,,,,,,,,,,,,,,,,,,,34.2,,,,,,,,,39.5,,,,,,35.3,,,,,,
Trinidad and Tobago,TTO,Very High,Poverty headcount ratio at $6.85 a day (2017 PPP) (% of population),SI.POV.UMIC,,,,,,,,,,,,,,,,,,,,,,,,,,,,,20.3,,,,30.2,,,,,,,,,,,,,,,,,,,,,,,,,,,,,
Tunisia,TUN,High,Poverty headcount ratio at $6.85 a day (2017 PPP) (% of population),SI.POV.UMIC,,,,,,,,,,,,,,,,,,,,,,,,,,67.3,,,,,60.2,,,,,60.7,,,,,51.2,,,,,42.1,,,,,31.1,,,,,17.9,,,,,,
Turkiye,TUR,Very High,Poverty headcount ratio at $6.85 a day (2017 PPP) (% of population),SI.POV.UMIC,,,,,,,,,,,,,,,,,,,,,,,,,,,,44.6,,,,,,,42.8,,,,,,,,38.8,42,30.8,28.4,25.9,22.3,18.8,19.2,18.2,15.9,14.8,13.8,12.4,13.7,11.6,10.9,10.9,12.6,,
Tuvalu,TUV,Medium,Poverty headcount ratio at $6.85 a day (2017 PPP) (% of population),SI.POV.UMIC,,,,,,,,,,,,,,,,,,,,,,,,,,,,,,,,,,,,,,,,,,,,,,,,,,,56.6,,,,,,,,,,,
Tanzania,TZA,Low,Poverty headcount ratio at $6.85 a day (2017 PPP) (% of population),SI.POV.UMIC,,,,,,,,,,,,,,,,,,,,,,,,,,,,,,,,98.3,,,,,,,,,99.4,,,,,,,95.3,,,,93.7,,,,,,,92.3,,,
Uganda,UGA,Low,Poverty headcount ratio at $6.85 a day (2017 PPP) (% of population),SI.POV.UMIC,,,,,,,,,,,,,,,,,,,,,,,,,,,,,,94.9,,,96.8,,,,96.3,,,96.3,,,95.4,,,94.3,,,,91.3,,,89.5,,,,89.9,,,91.1,,
Ukraine,UKR,High,Poverty headcount ratio at $6.85 a day (2017 PPP) (% of population),SI.POV.UMIC,,,,,,,,,,,,,,,,,,,,,,,,,,,,,,,,,56.2,57.5,,60,69.4,,,,,,61.9,54.1,43.9,31,26.6,26.4,16.7,19.3,15.2,12.4,11,8.4,9,15,15.4,10.8,9.4,7.1,7.1,
Uruguay,URY,Very High,Poverty headcount ratio at $6.85 a day (2017 PPP) (% of population),SI.POV.UMIC,,,,,,,,,,,,,,,,,,,,,,,,,,,,,,,,,,,,,,,,,,,,,,,22.3,19.6,14.7,13.6,12,8.5,7.8,7.4,6.3,6,5.6,4.6,4.9,5.1,7.2,
United States,USA,Very High,Poverty headcount ratio at $6.85 a day (2017 PPP) (% of population),SI.POV.UMIC,,,,,,,,,,,,,,,2.2,,,,,1.5,,,,,,,1.5,,,,,1.5,1.7,1.7,1.7,1.5,1.5,1.5,1.5,1.5,1.5,1.7,1.7,2,2,1.7,2,1.7,2,1.7,2,2,2,2,2,2.2,2,2,1.7,1.7,,
Uzbekistan,UZB,High,Poverty headcount ratio at $6.85 a day (2017 PPP) (% of population),SI.POV.UMIC,,,,,,,,,,,,,,,,,,,,,,,,,,,,,,,,,,,,,,,95.8,,99,,99.2,99.1,,,,,,,,,,,,,,,,,,
St. Vincent and the Grenadines,VCT,High,Poverty headcount ratio at $6.85 a day (2017 PPP) (% of population),SI.POV.UMIC,,,,,,,,,,,,,,,,,,,,,,,,,,,,,,,,,,,,,,,,,,,,,,,,,,,,,,,,,,,,,,
"Venezuela, RB",VEN,Medium,Poverty headcount ratio at $6.85 a day (2017 PPP) (% of population),SI.POV.UMIC,,,,,,,,,,,,,,,,,,,,,,38.9,,,,,,41.9,,32.6,,,35,,,51.2,,,48.3,53.1,,51.2,60.7,67,61.5,51.2,38.8,,,,,,,,,,,,,,,
British Virgin Islands,VGB,,Poverty headcount ratio at $6.85 a day (2017 PPP) (% of population),SI.POV.UMIC,,,,,,,,,,,,,,,,,,,,,,,,,,,,,,,,,,,,,,,,,,,,,,,,,,,,,,,,,,,,,,
Virgin Islands (U.S.),VIR,,Poverty headcount ratio at $6.85 a day (2017 PPP) (% of population),SI.POV.UMIC,,,,,,,,,,,,,,,,,,,,,,,,,,,,,,,,,,,,,,,,,,,,,,,,,,,,,,,,,,,,,,
Vietnam,VNM,High,Poverty headcount ratio at $6.85 a day (2017 PPP) (% of population),SI.POV.UMIC,,,,,,,,,,,,,,,,,,,,,,,,,,,,,,,,,94.3,,,,,89,,,,,88.9,,84.2,,79.8,,77.7,,46.7,,40.7,,34.9,,27.1,,22.2,,,
Vanuatu,VUT,Medium,Poverty headcount ratio at $6.85 a day (2017 PPP) (% of population),SI.POV.UMIC,,,,,,,,,,,,,,,,,,,,,,,,,,,,,,,,,,,,,,,,,,,,,,,,,,,78.4,,,,,,,,,76.2,,
Samoa,WSM,High,Poverty headcount ratio at $6.85 a day (2017 PPP) (% of population),SI.POV.UMIC,,,,,,,,,,,,,,,,,,,,,,,,,,,,,,,,,,,,,,,,,,,46.7,,,,,,44.3,,,,,43.3,,,,,,,,
Kosovo,XKX,,Poverty headcount ratio at $6.85 a day (2017 PPP) (% of population),SI.POV.UMIC,,,,,,,,,,,,,,,,,,,,,,,,,,,,,,,,,,,,,,,,,,,,67.7,,67.1,68.1,,,59.9,58.1,57.2,42.4,38.4,39.8,35.7,35,34.2,,,,
"Yemen, Rep.",YEM,Low,Poverty headcount ratio at $6.85 a day (2017 PPP) (% of population),SI.POV.UMIC,,,,,,,,,,,,,,,,,,,,,,,,,,,,,,,,,,,,,,,69.1,,,,,,,81.7,,,,,,,,,85.4,,,,,,,
South Africa,ZAF,High,Poverty headcount ratio at $6.85 a day (2017 PPP) (% of population),SI.POV.UMIC,,,,,,,,,,,,,,,,,,,,,,,,,,,,,,,,,,71.1,,,,,,,74.3,,,,,71.8,,,62.4,,60.9,,,,61.6,,,,,,,
Zambia,ZMB,Medium,Poverty headcount ratio at $6.85 a day (2017 PPP) (% of population),SI.POV.UMIC,,,,,,,,,,,,,,,,,,,,,,,,,,,,,,,,88.6,,91.8,,,88.8,,89.3,,,,95,,91.9,,92.6,,,,93,,,,,90.7,,,,,,
Zimbabwe,ZWE,Medium,Poverty headcount ratio at $6.85 a day (2017 PPP) (% of population),SI.POV.UMIC,,,,,,,,,,,,,,,,,,,,,,,,,,,,,,,,,,,,,,,,,,,,,,,,,,,,77.9,,,,,,84.1,,85,,
